Model,Accuracy,Precision,Recall,F1
Manual Hinge,0.8919,0.8835576360444705,0.9034702832070204,0.8934030174539
Manual Squared Hinge,0.8984,0.893349075167257,0.9054646988432389,0.8993660855784469
Manual Logistic,0.8831,0.8726497383213802,0.8978859194256082,0.8850879779809299
